,r1,r2,a1,a2
0,0.068592682338,-0.0263640973208,-0.0245686282607,0.0246837378145
1,-0.0181027547793,-0.123769088113,-0.0868923508019,0.363753416048
2,0.00168479211165,0.207550308293,0.159743813086,0.0899386648709
3,-0.364881264692,-0.114095945724,0.0902931158875,-0.113309383192
4,-0.165731818688,-0.0618505347744,0.314119915936,0.0333295660865
5,0.563245446428,0.0482294976677,0.314140727479,0.0601368840639
6,0.0933956657426,0.285533815268,-0.0811655142218,0.191570395253
7,0.147930490502,-0.080069760875,-0.0244479925875,-0.27257461003
8,-0.132489641806,0.237439478385,-0.100630998973,-0.11960205868
9,-0.0445920796225,-0.00636974027192,-0.0684362786044,0.100211943058
10,-0.168321749182,0.0160649776748,0.326868587237,0.125522084192
11,-0.303016105415,-0.0957838726798,-0.0312828498537,0.148523295962
12,0.00720864852293,-0.118177762459,0.241111475656,-0.206646089238
13,0.0479510684337,-0.0120175097242,0.253915759123,-0.225336975559
14,-0.274390997029,0.0630301335978,0.246677259315,-0.215065108929
15,0.0460279639524,-0.004569975659,0.0502547641269,-0.223627671625
16,-0.0896710971625,0.184773022733,0.145630871845,0.0516852983243
17,-0.174471346931,-0.296109393934,0.104493853771,-0.115126102623
18,-0.00796448056191,0.151308559628,0.305662132938,-0.210286704688
19,-0.246410679568,0.107164860514,-0.0634376417715,0.0953937492248
20,0.391785094499,-0.118685579528,0.0860110579875,-0.246829300817
21,0.126025600122,0.0102310878318,0.31338414355,-0.0570812941088
22,0.0421626378898,-0.0183859526687,-0.264877498285,-0.082742129698
23,0.26150341272,0.447580761427,-0.116525124613,0.0028426915573
24,0.125614822536,0.139754651222,0.15560481835,-0.260651260813
25,0.00983985994469,-0.123592779762,-0.09234060323,0.203126072229
26,0.214924885887,-0.0558806465501,0.415853490817,0.0807745744718
27,0.328129460073,0.10393812169,-0.324664572681,-0.0547952199079
28,0.0826815209859,0.114418375857,-0.0612926963985,0.0797541940108
29,0.34302537631,-0.0426332617976,-0.00856218971778,0.304742590108
30,-0.0425920565552,0.00265674224652,-0.065524884746,0.0917243837377
31,0.0959713631826,0.233702187557,0.154720824043,-0.285903379464
32,-0.352238649821,-0.215681326685,-0.0623510519015,0.091901315643
33,0.359367894263,-0.25047706643,-0.0310395998759,-0.289107216481
34,0.251061979264,-0.183772383679,-0.00905849154227,0.0319064798919
35,-0.16540667116,0.0817778710601,-0.27517163651,0.0556854766415
36,0.311666129305,0.0879629157815,0.230232514829,0.04480032231
37,0.0950613528561,0.137700946325,-0.0275641303292,-0.123701212022
38,-0.0181826385453,0.373564129792,0.0410676711269,0.100578958063
39,-0.0519925036049,-0.0045980597077,0.0224428715691,-0.465694470496
40,-0.221587151551,-0.464198999996,-0.177969074587,-0.119025585743
41,-0.48982032623,0.22603015024,-0.112973202412,-0.317959354431
42,-0.216264635672,-0.305371046463,0.197203353881,0.184903256354
43,-0.309792266394,-0.203069854753,-0.0787193103489,0.204207688314
44,0.0585447627558,-0.0198922934361,0.278339109942,-0.205801385939
45,-0.0481754967784,-0.0237475087125,0.00296861707413,0.172164949046
46,0.173398581851,-0.0340483070881,-0.370531699492,-0.19080261278
47,0.205265510268,-0.0413254875856,0.309800487114,0.0360849498827
48,0.0286441280674,-0.000867655813412,-0.306453486992,-0.0196829148552
49,0.126900711224,-0.0737399926205,0.160492644717,0.401670653182
50,0.0267323087653,-0.163545163088,-0.0600288509503,0.029485467065
51,-0.315857630814,0.00934915178499,0.244305425653,-0.204955809591
52,-0.025891451302,-0.128393041248,-0.370089893679,-0.0123468350343
53,0.226812127702,0.101808114579,-0.182618821835,-0.316038325917
54,0.186592724262,0.309373957289,-0.113236119675,-0.269467869811
55,0.0942229082742,0.015015278576,0.159100329522,0.0501830244986
56,0.189945976703,-0.275859844747,-0.100899436043,-0.366572611156
57,0.0570778420104,0.0326027599978,-0.0651812819626,-0.22799856499
58,-0.0652078782575,-0.0267824512062,0.0930859036738,-0.12521280016
59,0.116702118976,-0.235936893676,-0.0693538869385,-0.226583679763
60,-0.221319680736,0.385420216027,-0.00696374843566,0.299178096418
61,0.262585835952,-0.0515789575172,-0.0259613236361,0.0507519672891
62,-0.18421088167,0.145371060479,-0.0219438689476,0.0283511765501
63,-0.0398199424099,-0.00643336851045,-0.0855106853373,0.203179228337
64,0.153978947073,-0.0982620911834,-0.277838679591,0.383639336974
65,0.218659841493,0.149521652468,-0.101977480545,-0.159472240909
66,0.125326286488,0.00293031802555,0.0563715172057,-0.216216199586
67,0.0434833696045,-0.00162868787434,-0.185481906386,-0.0017193109692
68,-0.142890405435,0.0594729687949,-0.204118715232,-0.176539987691
69,-0.232808276997,-0.153597203397,0.0685804111138,0.232754870652
70,0.212432047206,-0.294325717167,0.267017738213,0.168530225137
71,-0.0218707761163,-0.120765775093,-0.0442583099123,0.179000047306
72,-0.245932523651,-0.0885427071724,0.00608806798792,-0.0672443203903
73,0.283735048184,-0.436295717245,-0.080677554804,0.179552276732
74,0.000940462653455,0.172111269365,-0.240009181517,-0.424068957305
75,-0.096074067074,-0.286317334569,0.0681097003572,-0.227328322712
76,0.206642863193,-0.089023983467,-0.120734444149,0.223798326637
77,-0.0700825057451,0.295091256416,-0.324682215439,0.226263720082
78,-0.0635014285023,-0.208166862338,0.228329065031,-0.0721465575041
79,-0.407139587892,0.241612302909,0.393077244609,-0.225154552748
80,-0.0485556475252,-0.351590639277,-0.00557668774404,0.304813826499
81,0.383702680558,-0.262683493678,0.0619816799768,-0.0085185909466
82,0.208010041961,0.364716172045,0.0749058894557,0.247043405921
83,0.239148044004,0.337620471918,-0.107628019955,-0.19297050298
84,-0.0280682540278,0.143174617205,0.0884628031719,-0.159760505451
85,-0.0128490894637,-0.104569341632,0.0858564320082,-0.313690815526
86,-0.183834808861,0.0807283787327,-0.0270739159684,0.0496291113869
87,0.0175981848701,0.263270707636,-0.12065609066,0.0361361788949
88,-0.268657674819,-0.0242131232247,0.224327556993,-0.222355413752
89,0.0495030910903,0.44619999008,-0.0911549742305,0.182672313689
90,0.106063852742,0.12327255476,-0.331939197015,-0.0395784175614
91,0.048906826486,0.0304525828757,0.021171948023,-0.454261953685
92,-0.300276111318,0.265326629604,-0.228371245889,-0.173740614759
93,-0.308858280957,0.262114308949,0.0388805445903,-0.0344613827599
94,0.0500303199912,-0.00128917918446,0.00518111726734,0.17671471261
95,0.0336487167577,0.0047423690754,-0.0702640408058,0.106880701611
96,0.0482522313886,-0.00934474548691,-0.193892166691,-0.181535665778
97,0.0510100262882,0.00314550089584,-0.0066662767939,0.070777167172
98,0.184858085396,-0.295908008376,0.384238930288,-0.104091704325
99,0.135446256375,-0.069495749134,0.0685908479906,0.236998977136
100,-0.461681520301,0.211128664814,0.192069323737,-0.0330901772329
101,-0.129455799661,0.215921900542,0.196073801357,0.165583508001
102,0.0913945201492,-0.064101398574,0.232657386329,-0.0611266575848
103,0.0212440653976,0.331460651558,-0.039441173838,0.163245872539
104,-0.0631998796058,0.0233404368547,-0.0258905779214,-0.14357469118
105,0.126425685298,0.280959380427,0.0549439201581,-0.215089382694
106,-0.101650521575,-0.342084864237,-0.300132603418,0.246199559764
107,-0.282671670263,-0.42713357093,-0.0255182901034,0.0299831665133
108,-0.160720848464,0.0420229374583,0.22528934135,-0.0818910206708
109,0.106501065394,0.0213043023853,0.283467619504,-0.126169524813
110,-0.129386370593,0.207932688015,-0.337447921752,0.351066654517
111,-0.238666614864,0.0207706103694,0.00548369739941,0.171100891911
112,0.22034362164,0.145770526639,-0.292326249574,0.22416082561
113,-0.198804793667,0.0523445457663,0.0968717746332,-0.107547856202
114,-0.099130870605,0.1433637111,0.329990780065,0.0585003099545
115,0.120538427208,-0.0760696472056,0.017491424647,0.319098429129
116,0.0872907240746,-0.0211676137391,0.0773457073195,-0.233320638714
117,-0.294417816395,-0.00731370527921,0.0136629801984,-0.0542615075997
118,0.179728434301,-0.0340998381809,-0.0130088332873,0.06046790721
119,-0.0426637277082,-0.0367570440088,-0.329937253463,-0.131363079805
120,0.208118384056,0.208113491928,0.354409634543,0.0627541316133
121,-0.0489122739203,-0.0555958657682,-0.06189906094,0.0231768988247
122,0.0193652795063,-0.136267585588,-0.0102923519596,0.318556303958
123,0.435316868893,-0.142194824406,0.0458332704024,0.139983130615
124,-0.314493213679,-0.104304160989,0.0650639627838,0.229321187661
125,-0.0549388152921,-0.0447813217372,-0.389478712461,-0.0894537801612
126,0.0392351248363,0.008212280909,0.0691044161958,-0.0385682590079
127,0.0380912021758,-0.0931635125238,-0.0445939853526,0.1906487167
128,0.127370578702,-0.238288293736,-0.0144022730499,0.107587091631
129,0.133366223815,-0.0897506294014,-0.049473915544,0.161258566427
130,0.0169370419849,-0.370995899481,-0.00600738586214,0.205155929013
131,-0.230613858686,-0.183526127361,0.0181130070894,-0.44340627747
132,-0.0432372755263,-0.00677830660118,0.0989856375237,0.0462437271343
133,-0.262600518032,0.277269292161,-0.0850437527617,-0.233966867327
134,0.0524517209964,-0.0170839565206,0.199518958995,0.0734310822515
135,-0.0172676224091,-0.368230494763,0.110779299785,0.0855948271723
136,0.132196479107,-0.00451809821664,-0.345408945373,0.251055163665
137,0.0442306181409,0.0208303835665,-0.0402800771656,0.161248862372
138,-0.170677669492,0.0442379338624,-0.0608535589342,0.0736613815585
139,-0.197221086919,0.0457613242655,-0.332199416695,0.277593828928
140,0.173728757998,0.208911719671,-0.0115128059381,0.0459787188649
141,0.0495942377473,0.0218568773161,0.0367418018995,-0.0251513478104
142,-0.45017706593,0.167971517584,0.174139915238,0.0867354682592
143,-0.457397207521,0.197822026823,-0.0320297126102,-0.277422678689
144,-0.0407233521835,-0.0119056181404,-0.0804872207053,0.18101042015
145,-0.0354377279056,0.163414642663,0.0415417353509,0.100227064015
146,-0.314918206138,0.258669428126,0.133807904403,-0.275243561734
147,0.078496961397,0.120981849463,-0.263053842816,0.231045623214
148,0.0983286341453,0.0250436713406,-0.0416455986649,0.167776951646
149,0.113901503445,0.0114534543684,-0.296952632821,0.187641506635
150,0.000841636668386,-0.130722066846,0.335952062433,0.0136638514282
151,-0.130410959735,-0.0973667329611,0.0523937569723,0.145639311869
152,-0.065088666333,0.0361127741186,0.00527645683654,0.168321395693
153,-0.154987256408,-0.141062428349,-0.0956676728923,0.220717858491
154,0.0448697710645,-0.0101078715411,0.0983719225909,0.0397146276322
155,-0.300366701534,-0.0202862651903,-0.0923524651931,0.1980741808
156,0.225555526046,0.0950974581542,-0.155536009393,-0.0342558045179
157,-0.301664801976,-0.162322379615,0.166682119995,-0.0692518841581
158,-0.0200301954774,0.150768654943,0.203062697587,0.143320757929
159,-0.163455305997,0.272660778053,0.117441007342,0.177164471744
160,0.135342912901,-0.0852704924166,0.179383439882,-0.480210178704
161,-0.387851339949,0.206742979299,-0.0842166942448,0.123525549181
162,-0.068023526622,-0.312941633796,0.170423859471,0.0427978170731
163,-0.0757781856545,0.284894300926,-0.0732560059163,0.0613460676629
164,0.334970044546,-0.235597281434,0.0753417866716,0.316027455081
165,-0.0458054626642,-0.000147859887093,0.129466800373,-0.331140629036
166,-0.142362768825,0.0553892755077,0.0826935444107,-0.112647739201
167,-0.0992522262743,0.334256850345,-0.0247508806363,0.0385920459363
168,-0.250437812533,0.338183116668,0.163567681572,0.102035632145
169,-0.0943043243766,0.14094169702,0.0840843446358,-0.121427405607
170,0.0231809057754,0.247970339885,0.0526456107157,0.126665794614
171,0.158742303902,0.0194606281396,0.000959811803801,0.11825950043
172,-0.0366186656069,0.351355193627,0.0370284512389,-0.0153491587543
173,0.0799060327555,0.145440545006,0.00902848098533,0.175026359193
174,0.157354924224,-0.126603350737,0.224193879138,0.195517921245
175,0.0775397584008,-0.480660435259,0.0244287880449,0.216479981168
176,0.000224319238103,0.242321616925,-0.0626193427125,0.0904241331153
177,0.109227934552,0.0142949584674,-0.298187972907,0.0715332470139
178,0.202179523888,0.00641369414061,0.0391467058565,0.111567611304
179,-0.214211619256,-0.0487774390685,0.149335644856,0.0523252076706
180,0.108335716958,-0.0679160521,-0.0859395266974,0.198438368014
181,0.0909695373587,0.0096509300787,-0.280179939987,-0.0865696116817
182,-0.287397530747,0.0293866797292,-0.0262260667145,0.131617318502
183,-0.269302757006,0.26569622132,0.252573057436,0.409118648159
184,0.248304803737,0.107559373491,0.197905166523,0.0534305625988
185,0.131526158865,0.0102644559989,-0.0252770523856,0.0602329557176
186,-0.167211612617,-0.119619957898,-0.0814142813389,0.175245098481
187,0.00075022523256,0.406545386708,-0.365298124356,0.188808970332
188,0.297638659598,0.0930003423704,0.045564287211,0.104221076281
189,0.168274733313,-0.0662343588803,-0.0220322062405,-0.0358612124002
190,0.121832504855,0.0142493406546,-0.0657598760808,0.0972493661274
191,0.158476219443,0.119675578338,0.322749832986,-0.148899400837
192,-0.167602666818,0.0151448560278,-0.113059419142,-0.246228071916
193,-0.388164880387,0.20274270527,0.381227731922,0.139466718836
194,0.0452296713537,-0.0108142422366,-0.0272575765149,0.053212449469
195,0.033856644159,0.00529689407322,0.0392130131636,-0.223564681788
196,0.0339910614893,0.00894279875744,-0.331945661542,0.185465020464
197,-0.246199053106,-0.180381821801,-0.0244366831474,-0.367587679896
198,0.126444344337,0.251490022516,0.183281406783,-0.0577001162592
199,0.0713914853476,-0.0212725310027,0.145940020597,0.0369731420481
200,-0.247955802427,0.00735114488513,0.263425746113,0.206520886758
201,0.00190855776031,-0.124657797754,-0.0245206114896,0.0439308738857
202,-0.0831623968199,-0.281164936508,-0.0628860819886,0.0843729774484
203,-0.307262477644,0.403399851508,0.0962611783284,-0.105697328316
204,-0.142468658894,0.0579851537164,0.2162214134,-0.0951979776429
205,0.0258479879818,-0.0104116739827,0.198812986576,-0.290476156826
206,0.247571172226,-0.202383180624,0.0469103985459,-0.0117034619903
207,0.0989021930277,0.124297238206,0.0453555233005,0.0952933256398
208,0.117044133157,-0.071337873965,0.00702214400558,0.111053331032
209,-0.254826504724,0.219006803148,0.00224543528732,0.173636704213
210,0.22522512643,0.0952209121611,-0.00866464365045,0.289113601201
211,-0.294470758668,0.035933662937,-0.116437815517,0.175921728106
212,-0.0392562751183,0.0735734371189,0.192535644431,0.369688330399
213,0.275359229502,0.279661965019,-0.300768189289,-0.365496176889
214,0.0790464958344,-0.00890423307517,-0.0212098137935,0.0302006696201
215,0.224086115962,-0.0449413735566,0.0508895949203,-0.165608030112
216,0.102318791222,0.306666610793,0.0458381803337,-0.0135993013179
217,-0.0728788831111,0.225322677553,-0.00542871364252,0.0473057781005
218,0.208524407195,0.127551164269,0.231388335643,-0.0599252984095
219,0.0256606144527,0.00153492292497,0.241062733306,0.294255730816
220,-0.0384467337443,0.00575917465486,-0.0497604711294,0.162412285099
221,-0.231578390776,-0.207657192541,-0.0822689366159,0.24816801331
222,0.0354612720056,0.00397115333518,-0.169146037085,-0.0697006604914
223,-0.274875896088,0.007829223238,-0.0219746963452,0.0537485334898
224,0.112939384738,-0.228635916753,-0.0711076089102,0.0691768261944
225,-0.265204414146,-0.00717040893315,-0.0194960514534,0.0255317751675
226,-0.147778400262,0.0368336871239,0.260540567622,-0.261739190105
227,-0.0774175238376,-0.171336074464,0.00159329208947,0.18002584415
228,0.0347226213337,0.035979387228,0.000361928122591,0.292142692465
229,-0.0767809323496,-0.168235920814,0.222644258448,-0.0473157570937
230,-0.0985997362043,-0.108582309509,0.290101664359,-0.0298104989321
231,0.130982237188,0.000904095892644,0.0487802156652,-0.0359873382062
232,0.0431109655116,-0.00415453878365,-0.0807884770126,0.179378611479
233,-0.23664995393,0.0183561703086,-0.263480091714,-0.0355388686866
234,-0.142586804496,0.30723514838,0.267500189038,-0.00681518480627
235,0.0951995211701,-0.270040559902,-0.197323811209,-0.192239244361
236,-0.140928003798,0.0283059148134,0.264055164172,-0.138788065066
237,-0.245988846497,0.406080190178,0.00333522264025,0.176540564504
238,0.0430943146434,0.0317410298132,0.204147174519,0.193595836875
239,-0.203867253023,0.00470088673671,-0.151576407569,0.216778136773
240,-0.124363302445,0.221839039808,-0.086248993459,0.167316541751
241,0.0618906316648,0.245608551459,0.0737228285182,-0.234275265255
242,-0.150362466201,0.217088808539,-0.191111840717,-0.171990754091
243,0.170248873555,0.142735751116,-0.0206222854865,0.0424933924716
244,0.000435564778759,-0.119185455464,-0.117406846378,0.232757159903
245,0.117363848188,0.147907475179,0.0290102295743,0.235152329095
246,0.192793292809,0.140930928367,0.3311467768,0.0167470763228
247,-0.0287551937295,0.147058332496,0.0750879447172,0.245293143709
248,0.0194446965072,-0.119078488334,-0.0218503319309,0.123944083279
249,0.114715321602,0.0261012933458,-0.0138718779673,-0.0723810956632
250,0.409233320792,0.0251657377596,0.0127842366008,-0.0555335712707
251,0.226641170483,-0.20166698886,0.00476859402724,0.206596538624
252,0.0985153027893,-0.0418892911214,-0.0217155178984,0.116601047764
253,-0.172382691984,-0.0663797684447,0.0707638632809,-0.302121069027
254,-0.0467849255122,0.384687032176,-0.0826273232284,0.179677363992
255,-0.124217012769,-0.202394276292,0.194508569692,0.0547639921739
256,-0.137682977884,0.0300099324364,0.101799929992,0.45678365702
257,-0.159421714269,0.246731261436,-0.128608767175,0.164954846761
258,-0.253184171789,0.35688757904,0.449265113024,0.0580317636601
259,-0.00423297219902,0.162837013441,0.235995271101,-0.196962731031
260,-0.0778153663891,-0.0387952504798,-0.383351151315,-0.124004381475
261,0.289814405482,-0.215764632381,-0.174428281875,-0.0526252963621
262,-0.114662727946,0.378648834924,0.273328081246,-0.274559916977
263,-0.315462385962,-0.145282429074,0.00856122641465,0.198158881229
264,-0.00917837303452,-0.0910055638914,0.085263149926,-0.0433199998202
265,0.00455394982274,-0.153733728695,-0.264253471896,0.0243161003327
266,0.0382222412247,-0.141048714733,0.015076108285,0.182803279297
267,-0.10965118238,-0.0704374830426,0.000411105941035,0.197771734764
268,-0.0653783197987,-0.28024956891,-0.129286198625,-0.123543135902
269,0.218740181011,-0.0401336326342,0.251014806001,0.197608026929
270,0.141451968169,-0.46076953913,0.0531499418963,-0.220751413743
271,0.0150884055201,-0.357308930384,-0.0575132126188,0.0764928428807
272,-0.439048297959,0.190599548758,-0.328698495,0.113091885421
273,0.2096632131,-0.0474934717778,0.234340680574,-0.0677666977822
274,0.382980215783,-0.264345862286,0.225402482697,-0.313380185511
275,-0.31552465967,0.0213134009974,0.211636875434,-0.163923543413
276,-0.0479241441951,-0.0150622469854,-0.156117208008,-0.0891474016587
277,-0.0597732536314,-0.335681233886,-0.329712530292,0.113589660607
278,0.115798546464,-0.248320062171,0.00465393594852,0.18192490025
279,0.129592060625,-0.297136802089,-0.0310919124187,-0.106106306154
280,-0.339558704516,-0.269935402502,0.0167142149618,0.335362154142
281,-0.11939075997,0.206583357944,-0.401475665359,0.235047184335
282,0.295689712067,0.0876210814149,-0.0818262174373,0.14768930875
283,0.152362676107,-0.361853469598,0.0596866012868,-0.474093294771
284,0.0730505177691,0.112320412695,-0.00554215625516,-0.419075608426
285,-0.110175647333,-0.0845732587415,-0.0899547184778,0.216110039915
286,-0.0933172843503,-0.376340650793,-0.0629089634113,0.0774006219151
287,-0.0781974196213,0.0386842478523,0.326425095025,0.00627451070659
288,0.115127492707,-0.299691908211,-0.199069186944,-0.210631318462
289,-0.155699410731,0.0185033536681,0.124527769985,0.109624612005
290,0.332250279883,-0.141662395338,0.0038928957644,0.182182206076
291,0.172721309061,0.134302899976,0.142047416578,0.0404642002139
292,-0.188788899312,-0.133204561441,-0.218271006249,-0.167432767527
293,0.217651247179,-0.288685178147,-0.0622677413037,0.0907636980636
294,0.153267455598,-0.0797254273807,0.285981395948,-0.264587027205
295,0.192269294252,-0.0243733593709,0.0349104463162,-0.0214035186365
296,-0.165896456968,0.0534464258677,-0.19427626553,-0.168998371833
297,-0.260629326796,0.252566655256,0.0496895719039,0.113966260767
298,0.0352401672017,0.00194834961293,0.257853693973,-0.137431505335
299,-0.158120587245,0.0430953072751,0.386884577203,-0.139954785116
300,0.112764249564,-0.256094362526,-0.0751580947258,0.0856385186428
301,0.225715413997,0.111444860573,0.378023338561,0.0464007295877
302,0.251491969433,-0.228896766276,-0.0889581697283,0.219178410391
303,-0.152875712968,0.286006660301,0.0529177647001,-0.0166766449329
304,0.105802593221,0.0477255746379,-0.0887707045604,0.175357911927
305,0.139108146909,-0.0755296773826,-0.0148004036331,0.0223878773523
306,0.280395819813,0.110457756709,0.240163070421,-0.0414923105468
307,0.0131926127735,0.237007327784,0.152890252461,-0.265150038153
308,-0.119120530707,0.229009123886,0.0436002623185,-0.269041025585
309,0.197323488994,-0.0252805754035,0.00894012550158,0.228059366624
310,-0.119099358444,0.205066662443,-0.31365702364,0.317653186312
311,0.222868111763,-0.0478339673987,-0.177343072165,-0.0659159992174
312,0.219860710376,0.0938582295989,0.211408644354,0.22208589706
313,0.198874972825,-0.30712551049,-0.0115809730751,0.0421805836453
314,0.119061753037,0.0093414782433,-0.028009967192,0.0708488575628
315,-0.0607231555032,-0.278300723638,0.191097619132,-0.0628525963351
316,-0.294103739747,0.321063964051,0.138612574455,0.133315754607
317,-0.0684430099155,-0.00677977057057,0.0436300420203,0.12351743548
318,-0.100085428853,-0.321065473271,-0.0586472000959,-0.016958529036
319,-0.158984911804,0.0187662168318,0.243502595201,-0.314323390238
320,0.00509876498111,-0.140473512405,0.25305706743,-0.108308376193
321,-0.330163944081,-0.0913367723017,0.246974517212,-0.0713056259822
322,0.104954295118,0.000560551816964,0.125663219271,-0.16665904863
323,-0.335085677332,0.0035591791269,-0.264043516813,-0.0651758787163
324,0.249041352409,-0.0385656282417,0.162577881598,0.0265017565877
325,-0.425495648693,0.167219986436,-0.297966404049,-0.0776294697621
326,0.103943882364,0.127144766393,-0.198523858894,0.0885434166285
327,-0.0372704831461,-0.0217164682132,-0.037113552998,0.0438581190335
328,0.0838818418097,0.177394961255,-0.172366941371,0.0452788513159
329,-0.146922150763,0.0436971955798,0.0518050259825,-0.163323645766
330,0.200202420522,-0.228168623186,-0.127691268914,-0.383006338427
331,0.0865034666727,0.215995413644,0.176714326682,0.0397392998447
332,-0.242743622603,0.351053964441,0.0546049449633,0.252608506737
333,0.0627749487312,-0.0731805453612,0.24376877229,-0.266058500164
334,0.190640154019,0.162960349137,0.0509661295027,0.105909085625
335,0.149426849953,0.127232588892,0.22849816102,-0.227946582212
336,0.131724391102,0.336095261017,-0.0388805139174,-0.148427038881
337,0.253254522266,0.136638038788,0.299534251979,-0.163501581057
338,-0.282007768903,0.0202625993065,0.0586567591446,-0.151642675149
339,0.146649952478,0.119576238396,-0.174804627008,-0.000847634383388
340,-0.0689196567678,0.321055738314,0.168782486207,-0.00401623476547
341,0.301326843013,0.0893825768485,-0.23263780329,-0.418053024226
342,-0.0106849718049,-0.15529560592,-0.253753120801,-0.242340187053
343,0.00560405655976,-0.396681669897,0.134983858303,-0.311604682674
344,0.111564067459,0.0168431333101,0.0985755514421,0.024939676708
345,-0.193560237665,-0.12410431601,-0.317436046755,-0.153597390923
346,0.138373102132,0.0104461588597,-0.0793268121123,0.057545044038
347,-0.235958951585,-0.0363520283856,0.0916064864975,0.0175065522936
348,-0.172931621016,-0.117831417643,0.0645885663375,-0.129271195448
349,-0.11739373113,0.285811011709,0.0699814275708,-0.331074611175
350,0.195765896835,0.155000508442,0.227023616383,-0.103023143771
351,-0.0468453904687,-0.0106852455877,0.0588842153235,-0.0712558393002
352,-0.0986872402542,0.253127591913,-0.214119202805,-0.0758590077377
353,0.107788782181,0.422885006792,0.0236857539057,-0.0590566211497
354,0.0486798225219,-0.0249508156349,-0.0797960873287,0.0630519088921
355,0.130251223573,-0.283271715449,0.0697518091005,-0.139691676807
356,-0.256214556369,0.227893069327,0.0782584423116,-0.130744344149
357,0.177898634542,0.0172932824136,-0.226559724894,-0.400028803825
358,-0.0417188896694,-0.023038644976,-0.0678084333511,0.0681229454421
359,0.210940980529,0.167115791199,0.0710421447027,-0.331191110249
360,-0.266622921224,0.37732232095,-0.349064732932,0.19742455142
361,0.157019748771,0.126948908961,-0.0860837383434,0.0621255006698
362,-0.383143981871,-0.177643214983,-0.106272218422,-0.544074749556
363,0.00959819998797,-0.153406452993,-0.167088445754,0.0340480948854
364,0.285774015474,0.273024363645,0.210631828161,-0.105432442163
365,0.080039354108,0.0318314601375,0.103823520939,-0.337923112735
366,0.336140033595,-0.324696224927,0.138433912599,-0.283156075277
367,0.0278947468273,-0.165223795134,-0.210221338401,-0.18755228199
368,-0.125582067299,-0.294569898233,0.0197813644891,0.222694514359
369,0.130788657177,0.336072331368,-0.0823604452717,0.0831706136984
370,-0.0463725324999,-0.0349518286094,0.0914730753889,-0.156591927954
371,0.474618599722,-0.0666653291875,-0.202612384187,-0.132987331082
372,-0.117901604591,0.24449213553,0.085076669218,-0.284152661397
373,0.177949950246,0.0200048569986,0.20064262568,0.181293472344
374,0.164955384918,0.308919737937,0.026289199178,-0.0301047385069
375,0.129546244244,-0.00539074118238,-0.00596251053012,0.235033998454
376,-0.0816203613478,0.000817974706651,0.0138794948384,-0.11069884396
377,0.00352411398338,0.164547649717,-0.198059430493,-0.431823988039
378,-0.0295119044407,-0.103285993846,-0.0833134688487,0.0950736204641
379,0.282887262322,0.342824520574,0.00750061435682,0.172625063447
380,-0.0625939206416,0.0609327727692,0.187768574128,0.00404877447178
381,0.0345176188891,-0.00525902588882,-0.00629170228256,0.263812166356
382,-0.0531403259482,0.302856308125,0.0469120978676,0.125344597183
383,-0.203971948442,-0.0944019918484,0.0282317774441,-0.0541339448629
384,0.199612258628,-0.0224306224439,0.136435043254,0.0162433616062
385,-0.19332312541,0.0749472362176,-0.232574175929,0.0109641683576
386,-0.252420935718,0.229604483469,0.000879889432147,0.20769523379
387,-0.089428541677,-0.253446253342,0.216187463705,-0.0808195503044
388,-0.293132192554,-0.1154289532,0.359342335325,-0.00206032595411
389,0.327149271603,-0.232362479694,0.234746086349,-0.234493478961
390,-0.176597970024,-0.312051587686,0.0938239388532,-0.262236774011
391,0.29047295889,-0.27407041862,0.238535584926,-0.272392117866
392,-0.0768672131596,0.286944738014,0.0203670645232,-0.490465957001
393,0.241726011722,0.0944742352096,0.0284092167027,-0.0338101849189
394,0.000595306850697,0.163813940444,-0.12040015509,-0.0390298494593
395,-0.0640042483624,-0.270421773867,0.231105078675,0.0476683129192
396,0.0591937450036,-0.0394312671221,0.241909976044,-0.269874809273
397,-0.161209995165,-0.411877311676,0.0714421583204,-0.0564638056379
398,0.11577299069,0.00614358050399,-0.112757763913,-0.0357703743208
399,0.121442912044,0.020167229742,-0.323213936934,-0.194931483826
400,0.461211587729,0.0107082931858,-0.0980848430794,0.102570744911
401,-0.129954741327,0.156608709669,-0.104568387438,-0.135809820733
402,-0.0567834956596,0.0376485372216,-0.362637642131,0.016821776373
403,0.33822474174,-0.262994464343,-0.159791217956,-0.318366248727
404,-0.0514552952458,0.004460322272,-0.0292502726372,0.0325411022018
405,0.0962573187199,0.297786185819,-0.112988166833,-0.399187623709
406,-0.0638947938711,0.103544752407,0.0452428021154,-0.256289284596
407,-0.0535629564161,-0.0231393084644,-0.30590164767,0.0872632248607
408,0.270706171015,0.0797440104871,-0.190453321362,-0.105416623917
409,-0.0550717594601,0.023338387577,-0.0445745574169,-0.00973208918714
410,0.243566102981,-0.18962671402,0.0637473134828,-0.279753107237
411,-0.0756358221798,-0.0113912639285,-0.32483789188,-0.172113697632
412,0.118622615615,0.0316180043453,-0.295503743734,-0.154020049102
413,-0.264880178212,0.0280029135289,0.164497934119,-0.0793896849892
414,0.130468613316,0.00759284863375,0.0285661159384,-0.0534259699911
415,0.152046838269,0.0247323579469,-0.0361092796193,-0.137353743889
416,-0.0651268238393,0.36719422614,0.0362458378489,-0.229735133672
417,-0.0608097179835,-0.0258602230854,0.19776679741,0.0792214931037
418,-0.0146749570957,-0.15014841007,-0.0370097684146,0.0342863537347
419,-0.147524170817,0.0653002860623,-0.287493651536,-0.239855856665
420,-0.0482177954132,-0.141077777986,-0.239118084991,0.00339614675664
421,0.170740449085,0.156578776575,0.0301782667819,-0.0495353038381
422,0.0658929429141,-0.00811155231367,0.0866123021687,0.116476908574
423,-0.389089940142,0.178526167415,-0.115866665926,-0.283211686868
424,-0.244997089379,0.325111951729,0.0704974023268,-0.139273416563
425,0.128724016968,0.170584742275,0.0213894792303,-0.067348806315
426,0.205879502925,-0.0267776320437,0.0702263923517,-0.145641889714
427,0.10986605365,0.0102776135772,0.0503068479091,0.106939526835
428,0.0169113700751,-0.133672624603,0.0656867968274,-0.132544346175
429,-0.174032714075,-0.298436188143,0.130970521971,0.0327319726538
430,0.0708976250941,-0.0186866691824,0.2729508982,-0.115411242747
431,-0.0622189694509,-0.00742228497838,-0.0789285730163,0.0619733175796
432,0.318339495981,0.277987992117,0.204924937548,-0.205057916908
433,-0.271204913174,0.0225376249018,0.0497459802124,-0.0608350015673
434,0.0173835832243,-0.14240699391,-0.215770860695,-0.20429342957
435,-0.0611110371792,-0.0178553982456,0.0811620173516,-0.279996971083
436,-0.00236789491906,-0.174884845281,0.135830234202,-0.316148200225
437,-0.0416707415772,-0.030696864678,0.0925794050832,0.0268233392507
438,0.0613459366419,0.0246910051054,0.0733871938144,-0.147769928082
439,0.16336850133,0.38114240441,0.0727153085055,-0.127961546119
440,-0.0488918032113,-0.0140643274827,-0.0845836752675,0.15653602247
441,0.0547595349725,-0.00312735297958,-0.0820979118891,0.0649530325028
442,-0.275146774017,-0.231129358258,0.103729045183,0.0622401890752
443,-0.0518170774334,-0.0118660771921,-0.0367914196232,-0.00972898930468
444,0.207084710119,-0.0339327276729,0.0699884427296,-0.0478513842268
445,-0.285971956094,-0.00153640215905,0.0296961705853,-0.266434015251
446,0.0111536260257,0.219792046294,-0.301978318108,0.00812523121243
447,-0.109620663585,-0.0634651179401,0.226796167488,0.0207557463633
448,0.237755617834,-0.0278601048539,0.0485860801696,0.344840372394
449,0.0244901273471,0.0503442202999,-0.0855814316386,0.0636908757081
450,-0.223568710782,0.111072724725,-0.0283336006132,-0.10582422992
451,-0.136644803179,0.270231863498,-0.0356696834556,0.009402537866
452,0.251128377129,-0.313438892441,0.134980514986,0.0369408642206
453,0.279197659631,-0.212621746394,-0.0357944684605,0.0274090503027
454,0.28940220124,0.114564450893,0.169857742471,0.0349745802125
455,-0.0423702878172,-0.0267203276247,0.0564224559408,0.113072892227
456,0.1601626267,0.262344487498,-0.343307776381,0.322683092768
457,0.380996520168,-0.067222621406,0.0754408909924,-0.244159361913
458,-0.301952433793,0.267054003693,0.0766419236561,-0.138887514253
459,0.105635070455,-0.251107539561,0.0358530995049,-0.0518112256376
460,0.282820206063,-0.0231876915822,0.083849524095,-0.26679890888
461,-0.249358533021,0.0219275881035,-0.304481056336,0.0186202869121
462,-0.0454681934484,-0.0292032653574,0.054832185297,-0.243156614055
463,0.385538527445,-0.0330473484515,-0.0370388867087,0.0125880274049
464,-0.274522201711,0.016091722415,0.141108742079,-0.324134235863
465,-0.184806744675,0.0808831163017,0.0628410310247,0.246617771083
466,0.10317098267,-0.0665667860036,-0.325391488436,0.0579654921342
467,-0.0240993807973,0.0615236999097,0.0280365934679,-0.060162250436
468,-0.0691430841846,0.232425737221,-0.0270969251742,-0.294625522422
469,0.225148271893,-0.290962181478,-0.0806985986501,0.092693478836
470,0.231004326979,-0.0308370576297,-0.0989558111406,0.066102428198
471,-0.000418552649556,-0.105703272898,-0.15431106847,0.170242644397
472,-0.153050597327,0.0519213074308,0.0754453115408,-0.123771750819
473,-0.118685447918,-0.07850579956,-0.0828468823309,-0.252203195286
474,-0.00112853497284,0.200966463244,-0.0860574518362,0.0599351402105
475,0.0590975028921,-0.0227564226036,-0.0640548982797,0.0720722301943
476,-0.212484876201,-0.208484095618,-0.075517499697,-0.292452687817
477,0.0690049929709,-0.244952056887,0.167344318035,0.27792267675
478,-0.171806760487,0.182176666233,0.0442931047344,-0.0255700581573
479,0.322563839303,-0.229215017802,0.0268553923211,-0.0414477180758
480,0.335155134969,0.105475067382,-0.0957781115366,0.125379391835
481,-0.0632970504374,-0.00276954741311,0.174941718446,-0.315388040374
482,0.155612104989,0.253222221574,-0.253941139313,-0.0280495256779
483,0.134739918037,0.110548436148,-0.00879301867685,-0.430493846567
484,-0.264738364846,0.0138105264732,-0.31192853122,0.0503761958562
485,0.25662965631,0.120042306006,0.127398889454,0.102594780539
486,0.378527218419,-0.0557327827647,0.137020441371,-0.1444415057
487,0.139717722713,0.179416891964,-0.0206743903533,0.0528617129633
488,-0.322504698367,0.0488768878998,-0.2506120481,-0.178216940052
489,0.378145072195,-0.258757774,-0.0162985826547,-0.331548228262
490,-0.374652091909,-0.250496682787,0.135016852178,-0.295276299265
491,0.135137920282,-0.00374838222375,-0.232148220394,-0.0357689079659
492,0.198095065595,0.162102123292,-0.0799747980953,0.0895622577406
493,-0.251802114683,0.249838757756,0.0804573036162,-0.11650578744
494,0.153743092806,-0.0867111369152,0.0353091000641,-0.02542662557
495,0.00347748490721,-0.341850313277,-0.0149413699501,0.26231863764
496,0.0313636000583,-0.129318126222,0.2127783454,-0.0466451516559
497,0.0474398663937,0.000760845698893,0.17246823957,0.065127661833
498,-0.0713472756452,0.0120739362537,-0.125117151737,-0.316581864602
499,-0.114833527946,0.285869282017,0.227044654283,0.079098898125
500,0.10725257045,0.132330659064,-0.107380235393,-0.240659683053
501,0.14631928532,0.0106956694226,-0.0712247999262,0.0860427467727
502,0.269290579951,0.0902354909077,-0.0355424033118,0.023287365969
503,0.0158028208314,-0.116639881319,-0.329314842292,-0.137440189868
504,-0.50425879828,-0.2043556072,-0.0579410735151,0.163251563827
505,0.0363781003913,-0.00605481745235,-0.09582470547,0.198491077316
506,0.445906660039,0.170483995202,-0.409902143979,0.13434117506
507,-0.519346750086,-0.00433252835989,-0.269571574286,0.136131018898
508,-0.0258518060184,0.372585967572,-0.234265610401,-0.0648790613732
509,0.102071648358,-0.0869233573771,-0.127077495884,0.0571895010778
510,0.195018805887,-0.0356174526402,0.394652266485,-0.0879220109993
511,0.0414325123109,-0.00412401492377,0.239772740098,-0.195568339809
512,-0.541481274587,-0.158166260649,-0.0457920472059,0.151129126773
513,0.157922239506,0.0169560841409,0.329820701415,0.0699914863962
514,-0.20593332307,-0.326728206747,-0.238483773414,-0.0914185277312
515,0.164156964167,0.0189201353705,0.0542141367898,0.162080062396
516,0.190014584365,-0.0746008486875,-0.0931049008281,0.190218898091
517,0.140853784984,-0.0927720933168,-0.0959999309618,0.274963492326
518,0.164951759395,-0.00924998655194,-0.0288729305885,-0.365593490258
519,-0.323330800998,0.249121925644,0.145496756449,0.0485312939945
520,-0.0885841812847,-0.270405909942,0.0355584512594,-0.0161746903107
521,0.0490034481013,-0.0204028685839,0.195535417588,0.0592784038088
522,-0.247838362461,0.210753702186,-0.29812068942,0.386047298394
523,0.196096593441,0.095686670568,-0.0908618719443,-0.298020794501
524,-0.0113329081824,0.449146355107,0.0878946560163,-0.132309912475
525,0.118806830271,-0.0632213628337,0.0527465272209,0.123686152716
526,-0.0570829613414,0.29973260259,-0.347238491983,0.116710710618
527,0.0373709291416,-0.00649103359822,-0.0603846817494,-0.130969995496
528,-0.111515636266,-0.277976772628,-0.088290444031,-0.233104932293
529,-0.245715875153,0.0127538970356,0.065888704839,-0.275402436725
530,-0.130658783258,0.319838943289,-0.388121710233,0.00362080335486
531,-0.199477765431,0.0927745692337,0.0536532589241,-0.0721091774922
532,0.134862720689,0.0072444689396,0.444124741682,-0.147422283641
533,0.136965179405,0.00867780920062,-0.0787817186455,0.101686023904
534,-0.317763747002,0.269279659362,-0.311157373063,0.0863352572738
535,-0.0784958610105,-0.29148716047,0.0544294491018,-0.243485706065
536,0.419945100339,-0.119641870762,-0.0207666920875,0.247129693478
537,0.0482006239975,-0.159260886203,0.129877064737,0.127496687663
538,0.321791522692,0.0444846912223,0.335397867972,-0.25634182599
539,-0.180173580883,0.0670332295782,0.214679115459,0.071581126485
540,-0.0590713774004,-0.0194945556081,0.00875978957385,-0.0610506006107
541,0.107570958721,0.162165264924,0.216546750356,-0.0737171217751
542,-0.125914081484,0.223430846616,0.0663962897585,-0.161002575639
543,0.435419476188,0.195989177919,-0.0881615240554,0.165488960956
544,-0.0517454493215,-0.0131321977527,-0.114938528717,0.079832912408
545,-0.315042566231,-0.000212044609738,-0.234267065867,-0.182023740717
546,-0.0188435988289,-0.162134291662,-0.251238449355,0.0716118896066
547,-0.0496120348918,-0.0176500099834,0.18252284276,-0.32422319441
548,-0.275879945705,-0.143939726478,0.0860275243853,-0.113008163164
549,0.135155584806,0.00178327879783,-0.0517212990831,0.132764804256
550,0.196261330545,0.139535442839,0.138623851783,0.0485773390825
551,0.0529956317616,-0.00250547226116,0.261276130732,-0.0968977538128
552,0.305274395237,-0.109915999686,-0.0418590570161,0.074336245274
553,0.101671648511,-0.0676735513419,0.095994833373,-0.0227330227023
554,-0.399182750704,-0.165271386277,0.115492271232,-0.144550688302
555,0.112453433787,0.130225202928,-0.0395108129038,0.0472309301841
556,-0.274746687523,0.0193727430385,0.369549270133,0.0623156806148
557,-0.121364622121,0.223482741393,0.136995147519,-0.1698011879
558,-0.217337309513,-0.209600549672,0.109607281078,-0.140768395942
559,-0.283762756251,-0.407224263236,-0.0866777714544,0.109647448915
560,0.11047339321,0.281518610456,-0.0819206148783,0.110103804313
561,-0.0410095688454,-0.0280420442828,0.323009727811,-0.0101908203923
562,-0.0475369919688,-0.0373118085183,-0.0472850035768,0.0441868599312
563,0.134527157147,0.0380617656859,-0.065506880385,0.00660150731267
564,0.197102222863,0.200248937209,-0.258517233919,-0.016995498119
565,-0.252289627275,0.245691717409,-0.0797310174102,-0.233029738235
566,-0.157373978389,0.262511448201,-0.0781647831868,0.0813339485441
567,-0.0809105280851,-0.289690763925,0.203868145566,0.190892836163
568,-0.0447910216902,0.0073457643272,0.0633095521228,0.172570412437
569,-0.172765644173,-0.109750710404,-0.121684337846,0.453142168663
570,-0.134746457515,-0.163727228367,0.300507377026,0.160842638225
571,-0.0461351433711,0.335135863072,0.0288171607352,-0.225352158079
572,0.0415176036963,0.00521963002378,-0.0159499451877,0.243164153915
573,-0.0830782540365,0.192985525765,0.0473425569769,0.25849269915
574,0.396268736047,0.0434170120029,0.0267746581567,-0.0464821727072
575,0.0303305528828,-0.390987983948,0.0576193367671,-0.25476467188
576,0.334527178191,-0.237612895599,-0.167542924504,-0.27694848004
577,-0.00314366439154,-0.129394878455,0.303595565217,-0.242915667375
578,-0.0408840771194,-0.0011009899433,-0.229232547427,-0.187103727197
579,0.0672447454484,-0.0383236208189,0.0700809564874,-0.168648875108
580,-0.182662737096,0.0471028863532,0.032843758996,-0.0325041499023
581,0.122526177307,-0.0700870359614,0.178518146731,-0.10731208198
582,-0.042940658195,-0.0205995748076,-0.0447056899336,-0.0433249584559
583,0.0954265071824,-0.227477283896,-0.351840555701,0.120774875078
584,-0.276076224227,0.251383347649,-0.243557454492,-0.174978737475
585,0.139430198697,-0.0890178351406,-0.0872337208956,0.0917206390323
586,0.00456010925918,0.178275269468,0.111506682136,0.0547218004949
587,-0.000629230231803,0.150675945385,0.0358813079114,-0.018679191556
588,-0.333489928821,0.0447556738568,-0.0251741150703,-0.499994194912
589,-0.339403641551,0.0418655394151,0.14687545911,0.0333404218632
590,0.234122661761,0.184382602693,0.0333654034232,-0.023445669244
591,0.157316445852,-0.0912592878467,-0.23492206473,-0.349879895796
592,-0.0535163946833,0.00175366582651,0.0909053077952,0.0535649943399
593,-0.24262152221,-0.185757240911,0.102378021118,-0.180426914506
594,-0.251660757681,-0.229493750471,-0.352829256533,0.11858298579
595,0.215886641698,-0.0364248094563,0.0220695924392,0.210621636752
596,0.221776852957,-0.328048447823,-0.0964500751942,0.212052685623
597,0.0522271822965,-0.011404746539,-0.273083371315,0.277903590028
598,-0.137832593941,0.031896495772,0.0951102055571,0.0238721186109
599,-0.260146417675,-0.125041890322,0.160211052706,0.0610499179977
600,-0.00461860970782,-0.110220907652,-0.0967740993895,0.218042647279
601,-0.265200506005,0.264298065631,0.104029567743,0.0734550301439
602,-0.256391230747,-0.00630209008294,0.0289248670349,-0.284004389258
603,0.139218180802,-0.0743384514621,0.285855477825,-0.0920264182493
604,0.11239622465,0.0218843333239,0.217137162054,0.0318636488148
605,-0.0465189867548,-0.0299995290689,-0.0378179484065,0.0346617541431
606,-0.113687754199,0.23453971093,0.17078739483,0.0564708866306
607,0.10281148115,-0.269293542841,-0.278793242721,-0.219042088751
608,0.0677422165375,0.12535382732,0.0548975441143,0.321241104952
609,-0.097239647394,-0.276180815644,-0.261915497609,-0.159855476598
610,0.0161291977799,-0.116432475427,-0.0447273742624,0.493074519887
611,0.261507414914,0.083724538337,0.0299118834964,-0.0303875627007
612,0.105770936185,-0.0709706371175,-0.223382533188,-0.179702791501
613,0.479539796023,-0.0116592975052,-0.199687897807,-0.29001828987
614,-0.121520713646,0.241176156286,-0.217010615413,-0.096091393957
615,-0.335894599066,-0.00375133260093,0.0705789874991,-0.262835031329
616,-0.0514875531642,0.326398772523,-0.0389785614967,0.0606771851306
617,-0.0851358027299,-0.0930147895796,-0.0958758097423,0.0186263371309
618,-0.14744431126,0.0521894600674,0.0595049370158,-0.0386339107635
619,0.0454711413994,0.0129762632784,-0.0593743321195,0.0131835027705
620,0.198073352959,0.153427682431,0.0667557361735,-0.487456304407
621,-0.114521085739,0.368932154077,0.0546740259278,-0.255908280364
622,0.183731516935,-0.0353502951381,0.224757590624,0.0859231868465
623,0.285408652915,0.139791524204,0.0307917679533,-0.0456967001024
624,0.316141413389,0.230542692899,0.0987295603072,0.274166250542
625,0.496078708851,0.162145582037,0.193715038054,-0.0864385662196
626,-0.15424891825,0.0653690822571,0.306268601904,-0.0530023151592
627,-0.236954628141,-0.281302742366,-0.382023708632,0.125341867883
628,0.1606081355,-0.0864262705187,-0.345549565481,-0.166407164442
629,0.0293712758301,-0.136593006166,-0.0870619505446,0.105406396186
630,0.111933564722,-0.0664589603647,0.0165073429921,0.241301098012
631,-0.0242642714192,0.164478205587,-0.321936065866,0.0885673841028
632,-0.256181986742,0.0191683281164,-0.0319609870982,0.122262507066
633,-0.0508312479564,0.020019492464,0.00112645197923,0.195969819497
634,0.190896817333,0.17920074116,-0.0424347463455,0.0571877226314
635,-0.237924957306,-0.0732695567794,0.0465948290736,0.148353585734
636,0.00801272032792,0.193887685957,0.0653626111938,-0.265021782859
637,0.099099406648,0.12305260401,0.324842917231,0.0679388470918
638,-0.350471376877,0.0418523010016,0.00502620102814,0.184011041344
639,-0.13309722461,0.041038599544,-0.273352952776,-0.0589977471931
640,0.0900928694198,-0.227617236765,-0.237623845453,-0.207996433254
641,0.11570509974,0.013265198578,-0.0133494250089,0.232212834713
642,0.0226601961921,-0.403130925887,-0.0622990125119,0.0255632349887
643,-0.0278049502488,0.189150706502,0.0541346602539,-0.235325250022
644,-0.147732688579,0.0642003910248,-0.0311500718941,0.024895451487
645,0.0318089573347,0.00475382581152,0.0433306531823,0.139319291228
646,0.060991687699,-0.227784686181,-0.101791540536,0.222785893256
647,-0.0854170933622,-0.262742815454,0.123537656877,-0.141149632237
648,0.213810495859,0.159727019975,-0.29649280441,-0.0344796537517
649,0.139108917759,-0.0722479689525,0.0341242335162,-0.264539389599
650,-0.274688994916,-0.157018826573,0.0517908389654,-0.228961274305
651,-0.0635131144351,-0.304095993391,-0.0415615262405,0.0180708401544
652,0.0229971786778,0.0323307639239,0.169939182287,0.0725214382067
653,0.135205463208,-0.0979194493747,-0.172629179254,0.06937435518
654,0.281922150579,0.15737061595,-0.26000562286,-0.0117619988397
655,0.218080153425,-0.0464580726988,-0.0334070145739,0.0442708732888
656,0.185148285024,0.140496250311,-0.0435328883119,0.0230350367206
657,0.178248460089,0.27290989279,0.0773024678911,-0.325746774204
658,-0.0516170164386,-0.0293418472995,-0.297793883759,-0.00317598693705
659,-0.379927431269,-0.182610761149,-0.388551348929,0.0245224057766
660,0.494702481645,0.0405866585381,-0.244079849196,-0.179064074043
661,0.16946250299,0.162481486718,0.278717794133,0.114646407139
662,-0.263045844202,0.0414028734972,-0.0191911083763,0.258744342369
663,0.0434904068333,-0.0152227577941,-0.0459834191578,0.146668363167
664,0.103692471282,0.0426050452394,0.0930138094905,0.058342649013
665,-0.0363770065437,-0.126098486079,-0.249388551506,-0.32160137319
666,0.0986059679372,0.127123883353,0.338148927105,-0.0645395006602
667,0.284432808716,-0.431787129641,0.067035528115,0.282009085248
668,-0.0794687062952,-0.263705822033,0.0334569276677,-0.0243413676877
669,-0.0496721909,-0.00731176439953,0.0415296499103,-0.030184768245
670,-0.158567726591,-0.0715469403176,0.0770954153487,0.143382935322
671,0.0626908209976,-0.416625498776,0.15735285859,-0.153403758033
672,-0.177797944121,0.0893618730222,0.148239430633,-0.312367227936
673,0.328118133858,-0.22966232828,-0.0240322784374,0.322580535251
674,-0.236237495835,-0.30482125749,0.311726501152,-0.0524944630435
675,-0.0557920557289,-0.00464188696312,0.269848297565,-0.288357756647
676,0.0999579844735,0.0289654542303,-0.274255693845,0.24678063847
677,-0.38989511696,-0.142915914668,-0.0379871145993,0.0369279538626
678,-0.278815172326,0.0102624543686,0.283038805969,-0.235207991202
679,0.137959754798,0.03153920241,0.19884947737,0.163022734448
680,-0.246047093992,0.223874851102,-0.0895654866429,0.103168899363
681,-0.285118018116,0.00324065485123,0.0309563704767,-0.0416692940451
682,-0.0633306425263,-0.00855258889805,0.0471627472873,-0.238143294265
683,-0.0543631136996,-0.036310236779,-0.333803035331,-0.213839318081
684,0.0642697645498,-0.0285561194892,0.098332735605,-0.180622179507
685,0.0568966577664,-0.00692673973583,0.133852339983,-0.284729707042
686,-0.197580467472,-0.171460096284,-0.100422450757,0.106823912661
687,-0.220843925276,-0.0685345746583,-0.270793950599,-0.545080932983
688,-0.153748349523,0.157270417387,-0.038810548498,0.0413986990743
689,0.0785132948158,0.123836879412,-0.0408907537403,0.0377077991397
690,-0.257727799133,0.0204031443943,-0.0367826603647,0.0458728574732
691,0.298170792944,0.297331357564,-0.132528761348,0.0739903538048
692,-0.238555157711,0.0168124055659,0.152762205508,0.0502317475632
693,0.237775797653,-0.18528320172,0.143053054622,-0.275656588097
694,0.0187590984659,0.277156875493,-0.0144742025195,0.284538024004
695,-0.159803317531,0.0823866797819,0.2246604981,-0.209537122195
696,0.0161368222031,0.190039551661,0.0487922375736,-0.226720989862
697,-0.184946119965,-0.284569572097,0.0589971445491,0.257465647181
698,-0.0371396848458,-0.0330550411702,-0.0215391428422,0.33774140212
699,0.0969418408841,0.0170010798447,-0.0963564530927,0.12540363222
700,-0.0741978642121,-0.0762396852613,-0.0890467152615,0.1058885316
701,0.122977525649,0.0102561716151,-0.179033114987,-0.130504579788
702,-0.181043019026,-0.0527821571702,-0.291851281383,0.0799669939347
703,-0.0407018364257,-0.0361512413798,-0.0447897363295,-0.299517383791
704,0.314104516371,0.102867715928,-0.120412676889,0.108132236965
705,-0.151385921386,0.0552131232162,-0.117209309185,0.0829910114005
706,0.262841365853,-0.341388083081,0.383193361992,0.0416232599631
707,-0.287984504233,0.248016374347,-0.2678027024,-0.0220166823986
708,-0.362524451796,-0.0778612426535,0.180000601654,-0.071604859177
709,0.0659992836435,0.0379330565996,0.190114073611,0.0758209479658
710,0.0116597660245,-0.132684392739,-0.305497552672,0.100494838657
711,-0.0380573744519,-0.00204146321519,0.0334396904304,-0.310193061817
712,0.151146068308,0.111439638663,-0.295101821674,0.0486957728391
713,0.00656404186774,-0.111005992987,-0.290549192064,0.330695636388
714,0.0572542833054,0.00864872099251,-0.0968491146087,0.202116140402
715,-0.212141694856,-0.126597563452,0.142234307027,0.12930947261
716,-0.130386714793,-0.336814101703,-0.0838742154685,0.0970073313455
717,0.120421039861,0.030358083981,0.190830998426,0.13119211461
718,0.19004992133,-0.32571639651,0.0401647365321,-0.289289259259
719,-0.0680502756291,0.0478223367894,-0.198736899987,-0.167018906409
720,-0.0512725703206,0.0841830301436,0.0838933055564,-0.175304261989
721,-0.0502823817356,-0.314817814715,-0.083184697695,0.0905529769557
722,0.157545557201,0.127662569667,0.0416115246519,-0.0243175835228
723,-0.137001014944,0.397125368432,-0.253568894455,-0.230617109055
724,0.176902097798,-0.0944468663487,-0.382048752107,0.0788717414454
725,0.109260644562,-0.0712223193075,0.0558313628896,0.145557276779
726,0.0873489909378,0.15320378422,0.0436455075299,0.144432069479
727,-0.023924202217,0.146955104799,0.0330672245765,-0.0185877513504
728,-0.0808684607954,-0.255736517706,-0.115648398841,-0.279837937465
729,-0.00359491264784,-0.158023676536,0.0818129804136,-0.133863453306
730,0.0454355241154,0.0314503108384,0.256835339403,-0.243619999866
731,0.000481703857756,-0.408536264128,0.0841838334217,0.286763395364
732,-0.304297473742,0.232759362393,0.177957310368,0.343784162474
733,0.162106546379,-0.273794345717,0.0463281426998,-0.0162237899632
734,0.346893354571,-0.150500745649,0.224057324925,-0.0712099893269
735,-0.144043835867,0.0310697572743,-0.078353357828,-0.44255433338
736,0.177439606112,-0.245383214347,-0.0323536876168,0.13054708922
737,-0.0513127740133,0.00262097355408,0.0930751975572,-0.301974892407
738,0.292507769764,0.0222870972782,0.0495229673644,-0.24116726052
739,0.173107678591,0.132811398446,0.288299949033,-0.11491532518
740,0.0035280779785,0.182973374731,-0.0694582950897,-0.223041658083
741,0.205402425386,-0.32195352039,-0.159125905549,-0.407020406336
742,-0.121695373569,0.308385015418,-0.373840873922,0.0602334611388
743,0.143434499126,0.0158801422462,0.0269900226227,-0.0413154902368
744,-0.0255235274014,-0.117115447955,-0.143600041633,0.137040036978
745,0.345243243109,-0.262134671804,-0.171505481889,0.412643660199
746,0.176777115666,0.00756990434981,-0.0727764959174,0.0942225055991
747,0.15919109327,-0.0873395956521,-0.291733745116,0.00224236720952
748,-0.176892821707,-0.0651413203354,-0.263112541205,-0.0113690860345
749,0.030380626146,0.00848041106091,-0.408073642915,-0.13878602872
750,-0.030408174922,-0.10340223774,-0.200567620532,-0.191330374158
751,0.436005891483,-0.124705587864,0.0326379354504,-0.0242937713533
752,0.339871395008,-0.230781504184,-0.118748027015,-0.276881544059
753,0.217149853186,-0.282892949862,-0.274140917696,-0.0148620070757
754,-0.290932237516,0.00308749744829,-0.0448385250607,0.0398761746447
755,-0.00511698348952,0.176878239327,-0.279347768583,0.308983718833
756,-0.238007610678,-0.0213365180357,0.0427004398937,-0.306687177849
757,-0.0182044730486,-0.0974147305438,0.0959463205486,0.0513549626501
758,0.259972640454,0.118740649067,-0.379426087843,0.0696594916802
759,0.236756095517,0.142144935906,-0.0759797271672,0.0975213501891
760,0.329810174204,0.0936376870466,-0.0603543928906,0.00230917039738
761,-0.126444348692,0.219431068213,-0.345091752995,0.0645559046787
762,0.106852712238,0.13067872617,0.054541781493,-0.0425454302508
763,0.165290903605,0.157807950977,-0.286623027306,-0.220071629712
764,-0.0745257678758,-0.031853593523,-0.29062449243,0.109067231565
765,0.0414712223,0.0266580969287,-0.0572857679598,0.265181873008
766,-0.239939192361,-0.390413153042,0.0483823984963,0.162779524043
767,0.205690873229,-0.309370007566,-0.0742221645063,0.191017461041
768,-0.0550613209293,-0.0505440825823,0.131380915817,0.130930457269
769,-0.177721580984,-0.30233330132,-0.344515776893,0.14698662803
770,-0.0362942118807,-0.0340206915712,0.386224060794,-0.227017727718
771,-0.267340324836,0.011087373553,0.0563626128042,-0.234995225168
772,0.00328405146344,-0.125894664459,-0.0159137279815,0.305064340988
773,-0.0718519259428,-0.0240724568811,0.316743319997,0.393923391459
774,0.0457934876564,0.00139369014821,-0.0564921172455,0.189858544137
775,-0.0891606830947,-0.016237289284,0.0121501755293,0.281492651836
776,0.0458533155434,-0.0016420934352,0.10793840947,0.285970267593
777,0.0297922645859,-0.385543301817,0.0618921958993,0.165932425714
778,-0.0504071149409,-0.0341919052605,-0.07169213716,-0.051315501288
779,0.00889651474418,-0.107099839076,-0.133440489436,0.114233993063
780,0.0357051710621,0.226892944585,0.0425904541861,0.140083641697
781,-0.317765114172,0.279759321608,0.102541486761,0.299639289354
782,0.233997184186,-0.299957339792,-0.337592663659,0.0855506031446
783,0.180734308636,-0.044485740955,-0.132122894237,-0.332569869835
784,-0.261336484164,-0.00156946423599,-0.033881609613,0.0651527707752
785,0.11750304942,0.243919065106,0.0699303526615,0.00801970132624
786,0.390542802052,-0.0654083026367,0.280331423933,-0.02945039371
787,-0.168014096705,-0.0884548475153,-0.0846909834561,0.241557680917
788,0.081261226921,-0.0112200725634,0.0360890547031,-0.449714099205
789,-0.367107815847,-0.132262410686,0.0788292433064,-0.171157529094
790,0.190387861568,-0.0263054612855,0.186279520501,0.141172645462
791,-0.219688907869,-0.202747071155,0.0415066689119,-0.332136834153
792,0.113403647201,0.0197776688997,-0.066695884369,0.184873271954
793,0.149454608581,0.192320274866,-0.245190854612,-0.306352145245
794,0.230294908861,-0.0495711069241,0.0589131554197,0.186142706261
795,-0.343917380407,-0.0931542487253,0.432450405212,-0.0576359909644
796,-0.0734389912827,-0.316449917212,-0.0224177433563,0.323356761473
797,-0.142703217589,0.211347821278,-0.117489342038,-0.266629552502
798,0.078716307213,0.132509355315,0.0934770763107,-0.117426234331
799,0.0875078187124,-0.162788812086,0.375234428864,-0.0171822252979
800,0.336320301329,0.121529010699,0.374122655463,0.136941207171
801,0.213190751738,0.329385256882,-0.270187576338,-0.235388237422
802,0.0602008185596,-0.0137768350467,-0.0414177004954,-0.457802865059
803,0.0286771216912,-0.00948131416473,0.0479589122902,-0.0033603577412
804,0.0346244937817,-0.00358040497433,0.215203929872,0.217133342268
805,0.172779952836,0.121600002565,-0.0712103319304,0.235514631749
806,-0.128181277781,0.304039605067,-0.179767461753,0.456461327545
807,-0.0814926693679,-0.362569552141,-0.0150989145031,0.311273148582
808,-0.00570221378372,-0.127130120742,-0.0522014189909,0.168065744062
809,-0.18407311739,-0.266527287843,0.264151064533,0.00644570114387
810,0.216686332694,-0.0922986289441,0.0735574596877,-0.312717533459
811,-0.189635639271,-0.144642096745,0.28179206333,0.0325637650799
812,0.150557357839,-0.119583940302,-0.0534756741305,-0.49820578163
813,0.193785868261,0.128676692577,-0.138837075044,-0.121981030593
814,-0.329977619373,-0.00945179285952,-0.116831035604,0.199595735485
815,-0.0992829665198,-0.306709378329,-0.427760461825,0.182381906846
816,-0.158823059371,-0.0441944745605,-0.334889899172,0.0954802973998
817,-0.25613322185,0.019386796707,0.147985621907,0.149537130083
818,0.317880275664,0.099905003083,0.00654282604285,-0.0581326397919
819,-0.0357738118697,0.341855221779,-0.0349076185468,0.0492168574372
820,0.0823608738536,-0.267116278781,-0.0508009883544,0.18761193316
821,0.14721281944,0.130017611096,-0.0320631999301,0.0658428685381
822,0.255503164015,-0.0549698964622,-0.0869346086179,0.0398882768279
823,-0.0460230564437,-0.00146399199206,0.383825604811,0.158465212747
824,-0.0515389375687,0.00863267947477,0.00524989266623,0.29628139092
825,-0.0522824223567,0.294459697788,0.0490672471923,0.298621159017
826,0.13977383306,0.00591272626586,0.285482191029,-0.288566845848
827,-0.0235660328556,-0.0921405249384,0.217689867375,0.195610244439
828,-0.358661482069,-0.13083136459,0.275027945476,-0.212329949163
829,-0.330850404997,-0.35061960991,0.220500724933,0.465820765944
830,0.148704881398,0.234949010487,0.161289988438,-0.133421417519
831,-0.0509980909201,0.461420125146,-0.134188183201,0.116463750267
832,0.253504100359,-0.326762368598,0.116428372813,-0.333972412437
833,-0.294389749767,0.228667591706,0.252636818797,0.202972182912
834,-0.0693011317515,-0.0189395858157,-0.292397097953,-0.0341976401845
835,-0.281084608306,0.040847429703,0.320395033423,0.00165586665603
836,0.166053483156,0.117325635173,0.0373733633577,-0.0111613402991
837,0.0829953172409,0.0645897070114,0.240037298314,0.0999553579906
838,-0.185533262367,0.0714572029824,0.121265095781,-0.0346328761361
839,-0.239151677794,0.00908956717775,0.0568187948009,0.275250529478
840,0.143748352658,-0.0779875784995,-0.0365043037807,0.338952980959
841,0.0560544074289,0.0428352883853,-0.268090843343,0.0312363697403
842,0.267293089478,0.0930477127352,0.194238229261,0.193086966567
843,0.096435953311,-0.078470848631,-0.199680510208,-0.344057540086
844,-0.0478653907774,-0.0411546056773,-0.0512393235964,0.0655402230679
845,0.0262448944246,0.00450732239122,-0.0442223366215,0.0906732459176
846,0.0478878509274,0.0248362372652,0.264315834574,0.226903084445
847,-0.568085165047,-0.00443897238375,-0.332805261778,0.219723497327
848,0.255745260479,0.0999749063246,0.00995563351034,-0.0632718048931
849,0.0197516495713,-0.368876061284,0.0805942862145,0.218603248756
850,-0.021451378036,0.150343423749,-0.0984391902502,0.259968165138
851,0.153379875962,0.00983938641408,0.215266681831,0.244499017386
852,0.0909117581542,-0.301658943309,-0.302089262576,0.231042521512
853,-0.116771280966,0.212908534019,-0.0762553213241,0.112635830212
854,0.217718845146,-0.0547219913861,-0.241107853067,-0.222979584863
855,0.0256763977043,-0.00138015470079,-0.310116962285,-0.210853114846
856,-0.262595099608,0.0354959306887,0.476893193231,-0.137553774738
857,-0.216368301884,0.0708153881444,0.0469908682162,-0.0206716415953
858,-0.310804327097,0.0107601913055,-0.37699476071,-0.149183020906
859,-0.206814580962,0.012161703107,0.0447544952097,0.125419698221
860,-0.0222168257044,-0.265766902629,-0.0730427979257,0.0324656460213
861,0.151128576385,-0.00350184699183,-0.114741965156,0.18575315403
862,-0.335633967142,-0.15463441449,0.0316935092526,-0.0276028433055
863,0.184613066852,-0.037295058574,-0.0322968734869,0.0667420800494
864,0.0758610831602,-0.268174422637,-0.373518693822,-0.107796600485
865,-0.0200902212544,-0.096252713445,-0.0501984525224,0.170586662763
866,0.27603353373,0.267298739976,0.323844935365,0.233712908712
867,-0.258368325885,-0.213055873144,-0.329201657363,-0.0300534710339
868,-0.0243068367244,-0.0917771333419,-0.295237400073,0.096032255616
869,0.156439160657,0.110537591837,0.000448836226086,0.207629537862
870,-0.272384054303,-0.196453208025,-0.114032789459,-0.126104711847
871,-0.0079398454298,-0.0886656828795,-0.0530233237335,0.201396239502
872,0.367992178756,-0.165688723277,0.125609794681,-0.131211958943
873,0.062789825149,-0.0151728454143,0.0776495992729,0.265862838131
874,0.221026072465,0.134259637875,-0.0465545544964,0.175234970218
875,0.113188741855,-0.000298315773181,-0.319496632013,0.181267180742
876,-0.0348505301362,-0.406838191322,-0.0120821951807,0.316420896373
877,-0.0408340780287,-0.0257209281388,0.203634481816,-0.371379143378
878,0.308885591605,0.0955661447218,-0.113886524592,0.1952527726
879,0.0776185707286,0.247250292401,0.194465918943,0.140982525249
880,0.140589206314,0.0130703680345,0.0829497941365,-0.108788624438
881,-0.246036105068,0.230176460224,0.0420163510144,-0.0131091825729
882,-0.290708926347,0.0236136383101,0.050485408289,0.143564431311
883,-0.111400290235,-0.284335815449,-0.0969510261948,0.224466524889
884,-0.0790728374349,-0.249262003272,0.0678571444701,0.00211580208656
885,0.0990402670381,0.125794705486,0.0054359813145,0.188685482888
886,0.0590116965709,0.00746885493313,-0.377286960349,0.0793900717358
887,-0.314896026039,-0.201534903984,-0.0495806312252,0.246124229158
888,0.198984740638,-0.0369682283533,-0.242365912162,-0.0291496067218
889,-0.0570752333552,0.0203500007301,0.154728679076,0.169261854921
890,0.242751371892,-0.044598559716,-0.044892099745,0.171714513533
891,-0.404286983102,-0.11623184175,0.298061106185,-0.0722624480721
892,0.307915712804,0.127512658763,0.299991742739,-0.273758312429
893,-0.253043971248,-0.000992301077281,0.171685804,-0.0955135786297
894,0.151980103174,0.126556450967,0.262027823568,-0.0462514573623
895,0.148625070949,-0.27142848747,-0.0890186177924,0.231841445489
896,-0.236158769214,-0.159167466516,0.116098976668,0.0979884801821
897,0.107787243404,0.0256102844032,0.190017129618,-0.215454739209
898,0.169479746348,0.327333466565,-0.357839887731,0.122712273843
899,-0.140558248703,0.0530811707581,-0.0982230551503,0.297084170759
900,-0.256846393556,0.261610678423,0.293231777349,-0.109196040396
901,-0.362538804584,0.0157404413477,-0.0417145220785,0.291664794133
902,-0.210640469602,-0.0709217506832,-0.294572827204,-0.184483717544
903,0.247243819773,0.0983879838506,0.283725326686,0.20967111493
904,0.04326436886,0.00022145221473,0.0509353686361,-0.00517356303808
905,-0.0584432888219,0.304709893328,0.332214843266,0.0928586286482
906,-0.152181418692,0.229658686482,0.260115427829,0.257455247293
907,-0.330515072785,0.0421704405343,0.317326897188,-0.192922606444
908,0.0204367409695,-0.117134902364,0.200618738659,0.338195876926
909,-0.0854593228238,-0.0543266638162,0.130008897915,0.125420979715
910,-0.037667084981,0.00321417099667,-0.0923250978004,0.224889475703
911,-0.583906827343,0.00337373570265,0.0690811417117,0.183288315374
912,0.352211201177,-0.315887496923,0.0638257071562,-0.476842955624
913,0.00812202100527,-0.424659065047,-0.0728211241076,0.114636293327
914,0.110331527785,0.0128323340344,-0.153109064829,0.246508324123
915,-0.193906223087,-0.09097121383,-0.458835039982,0.260397934286
916,-0.241057871323,0.0214288848692,-0.0374804898024,0.067220940706
917,-0.0175464356646,0.181863136792,-0.0905789274185,0.210394093498
918,-0.224343967089,0.0742301471476,-0.072317236268,0.182401541313
919,0.0235596874136,-0.372641693872,0.122242098004,0.0991669152457
920,0.26038329004,-0.0921733062377,-0.0941259640697,0.259613105903
921,0.182842404093,0.0126437303187,0.277019168131,-0.0292880797121
922,0.082376741758,0.0370063997102,0.317013518077,-0.0499943064243
923,-0.0109199629963,-0.108085625682,0.0623390386991,-0.241691850432
924,0.0507878969149,-0.427382653275,-0.265400638769,0.114894162956
925,0.230312577101,-0.239666927673,0.152357132522,0.120737064163
926,-0.237819849589,0.0201981859823,-0.0468584655949,0.0718228849944
927,-0.224092528788,0.109023806749,-0.0167845307382,0.331658852833
928,0.118191214925,0.00419125270818,0.0825713270202,0.267272905461
929,-0.255269477163,0.00748297569283,-0.421913820343,-0.0402511341364
930,0.157651033861,0.120483696225,-0.130657367514,-0.283072831254
931,-0.0954656710899,-0.247263539861,0.101853355525,-0.112608991199
932,0.414347146382,-0.155485540024,-0.0293784021234,0.0703543224281
933,0.106977656448,0.0128425658287,-0.125943590528,-0.118704508586
934,0.155202718393,-0.221950440425,-0.300300459511,0.109478643102
935,-0.00731613208854,0.185073714259,-0.104779378395,0.125792976772
936,-0.157307644194,0.0629041847136,-0.10137127159,0.24164298947
937,-0.0312209726272,0.181250629646,-0.289331331073,-0.417000070261
938,-0.259261504342,0.0358638347008,-0.181652974983,-0.276398838695
939,0.101643059892,0.0234154163198,-0.21577155723,0.294448431399
940,-0.267426190339,0.22531071928,0.0722065734677,-0.239533593503
941,-0.264680738043,-0.107498193748,0.269656573268,0.271474096863
942,0.101008036262,0.132823106807,-0.0512424566868,0.0578796014982
943,0.128895509375,0.0181380954305,-0.0137068933059,0.0736070863699
944,0.0674797091456,-0.273395246952,-0.379124366933,0.11188255297
945,0.109206575019,-0.282398727372,-0.0586242003193,0.209163690726
946,-0.158003759305,-0.0612272906087,-0.289553794176,-0.177921647669
947,-0.300578915758,0.233780237009,0.076364614497,-0.108646821407
948,-0.0490872724579,0.421766837276,-0.0696621176345,-0.132439579351
949,-0.135867897377,0.210856153875,-0.00703907264867,0.235240426508
950,-0.15688722693,0.304110120147,-0.103026576398,0.147868456307
951,0.202762115204,-0.0409671305939,0.0538300262489,0.156345435852
952,0.219455312987,-0.318079495772,-0.240477994092,-0.202184634075
953,-0.210371331168,-0.310951965239,0.21555292825,-0.0527383498146
954,0.0999817078251,0.0218376072894,0.326305111903,0.0475921087464
955,-0.0178649435915,-0.0897181245878,0.32463924834,-0.205678294174
956,-0.343895423748,0.0211096471357,-0.445435915737,-0.160538286462
957,0.276839170498,0.17691590916,0.000577246875241,0.215105860257
958,0.267291992305,0.098068900142,-0.0173824579949,0.0605881390839
959,-0.201057225779,-0.190356023381,0.238294092312,0.23952639952
960,0.101949135675,0.0140966854413,0.210456924961,0.114410039705
961,-0.178114212966,-0.0863615166456,0.445970150462,-0.0132447712778
962,0.0649164810704,0.449619529685,0.407103525052,0.108191834173
963,-0.280852950559,0.00226130148348,-0.0353596389779,0.0630054341895
964,-0.0483856080905,-0.0189343521893,0.0400844114219,-0.00977447416656
965,-0.266728013046,0.00623854732377,-0.299113573706,0.0765021885196
966,0.1185351617,0.0475512211356,-0.392402021068,0.0909218761028
967,0.206493992222,0.090494968047,-0.0298414882442,0.0696759424182
968,-0.0232286028147,-0.252192502582,0.0886028601329,-0.163835298755
969,0.186225391971,-0.0976362508301,0.103983882028,-0.256249031445
970,0.20007938035,-0.0432576723664,0.281777740674,-0.0291760031749
971,0.364577171108,0.0283946515222,0.38983277886,0.0973454458727
972,0.0012153995222,-0.167785701201,-0.153137770206,0.264151616887
973,-0.273343672432,-0.00296485898019,-0.159340740624,-0.333799494139
974,0.119870339443,0.0452655528599,,
